FrameId: 1	#KFs: 1
FrameId: 63	#KFs: 2
FrameId: 64	#KFs: 3
FrameId: 74	#KFs: 4
FrameId: 76	#KFs: 5
FrameId: 88	#KFs: 6
FrameId: 104	#KFs: 7
FrameId: 120	#KFs: 8
FrameId: 132	#KFs: 9
FrameId: 138	#KFs: 10
FrameId: 144	#KFs: 11
FrameId: 151	#KFs: 12
FrameId: 160	#KFs: 13
FrameId: 172	#KFs: 14
FrameId: 185	#KFs: 15
FrameId: 190	#KFs: 16
FrameId: 194	#KFs: 17
FrameId: 195	#KFs: 18
FrameId: 199	#KFs: 19
FrameId: 207	#KFs: 21
FrameId: 209	#KFs: 22
FrameId: 210	#KFs: 23
FrameId: 214	#KFs: 24
FrameId: 217	#KFs: 25
FrameId: 219	#KFs: 26
FrameId: 220	#KFs: 27
FrameId: 226	#KFs: 28
FrameId: 235	#KFs: 29
FrameId: 240	#KFs: 30
FrameId: 248	#KFs: 31
FrameId: 261	#KFs: 32
FrameId: 271	#KFs: 33
FrameId: 280	#KFs: 34
FrameId: 290	#KFs: 35
FrameId: 299	#KFs: 36
FrameId: 306	#KFs: 37
FrameId: 308	#KFs: 38
FrameId: 315	#KFs: 39
FrameId: 317	#KFs: 40
FrameId: 320	#KFs: 41
FrameId: 321	#KFs: 42
FrameId: 322	#KFs: 43
FrameId: 323	#KFs: 44
FrameId: 324	#KFs: 45
FrameId: 326	#KFs: 46
FrameId: 327	#KFs: 47
FrameId: 329	#KFs: 48
FrameId: 330	#KFs: 49
FrameId: 332	#KFs: 50
FrameId: 333	#KFs: 51
FrameId: 335	#KFs: 52
FrameId: 340	#KFs: 53
FrameId: 351	#KFs: 54
FrameId: 390	#KFs: 55
FrameId: 394	#KFs: 56
FrameId: 398	#KFs: 57
FrameId: 406	#KFs: 58
FrameId: 511	#KFs: 59
FrameId: 529	#KFs: 60
FrameId: 543	#KFs: 61
FrameId: 575	#KFs: 62
FrameId: 607	#KFs: 63
FrameId: 632	#KFs: 64
FrameId: 652	#KFs: 65
FrameId: 672	#KFs: 66
FrameId: 692	#KFs: 67
FrameId: 712	#KFs: 68
FrameId: 735	#KFs: 69
FrameId: 755	#KFs: 70
FrameId: 772	#KFs: 71
FrameId: 779	#KFs: 72
FrameId: 785	#KFs: 73
FrameId: 792	#KFs: 74
FrameId: 798	#KFs: 75
FrameId: 800	#KFs: 76
FrameId: 825	#KFs: 77
FrameId: 859	#KFs: 78
